Date,Open,High,Low,Close,Volume,Change
2018-01-02,1860,1880,1830,1880,157321,0.01897018970189701
2018-01-03,1880,2045,1880,1995,637244,0.061170212765957466
2018-01-04,2050,2050,1990,2000,272501,0.0025062656641603454
2018-01-05,2000,2190,1990,2180,716580,0.09000000000000008
2018-01-08,2185,2425,2160,2420,1576326,0.11009174311926606
2018-01-09,2495,2495,2250,2370,601829,-0.02066115702479343
2018-01-10,2450,2450,2240,2260,361584,-0.04641350210970463
2018-01-11,2260,2265,2135,2200,427736,-0.026548672566371723
2018-01-12,2200,2240,2150,2240,192658,0.018181818181818077
2018-01-15,2240,2265,2160,2170,212982,-0.03125
2018-01-16,2195,2215,2130,2175,153530,0.0023041474654377225
2018-01-17,2125,2450,2125,2325,571514,0.06896551724137923
2018-01-18,2335,2365,2275,2320,164620,-0.0021505376344086446
2018-01-19,2320,2325,2270,2320,94134,0.0
2018-01-22,2335,2335,2250,2280,86142,-0.017241379310344862
2018-01-23,2280,2310,2250,2260,78219,-0.00877192982456143
2018-01-24,2290,2290,2235,2250,117736,-0.004424778761061954
2018-01-25,2270,2315,2245,2270,133465,0.008888888888888946
2018-01-26,2275,2315,2260,2275,127034,0.0022026431718060735
2018-01-29,2290,2430,2290,2350,246691,0.03296703296703307
2018-01-30,2365,2400,2300,2300,117569,-0.021276595744680882
2018-01-31,2295,2420,2265,2330,195993,0.01304347826086949
2018-02-01,2315,2395,2300,2345,105765,0.006437768240343367
2018-02-02,2350,2350,2290,2300,84004,-0.019189765458422214
2018-02-05,2330,2330,2130,2180,204854,-0.05217391304347829
2018-02-06,2120,2165,2050,2145,201435,-0.016055045871559592
2018-02-07,2165,2195,2060,2060,135989,-0.03962703962703962
2018-02-08,2060,2150,2060,2150,100072,0.043689320388349495
2018-02-09,2090,2175,2090,2150,82036,0.0
2018-02-12,2150,2210,2145,2145,62665,-0.0023255813953488857
2018-02-13,2175,2220,2125,2150,93138,0.002331002331002363
2018-02-14,2150,2205,2045,2110,127033,-0.018604651162790753
2018-02-19,2110,2140,2020,2110,160006,0.0
2018-02-20,2125,2155,2075,2095,110135,-0.007109004739336511
2018-02-21,2105,2110,2055,2070,142888,-0.011933174224343701
2018-02-22,2070,2100,2060,2095,147470,0.012077294685990392
2018-02-23,2100,2140,2070,2080,133105,-0.007159904534606243
2018-02-26,2075,2125,2070,2080,143073,0.0
2018-02-27,2105,2150,2085,2085,155017,0.0024038461538462563
2018-02-28,2115,2120,2060,2090,103160,0.0023980815347721673
2018-03-02,2090,2140,2025,2085,177923,-0.0023923444976076125
2018-03-05,2055,2080,2000,2030,103348,-0.026378896882493952
2018-03-06,2050,2070,2025,2040,111030,0.0049261083743843415
2018-03-07,2055,2070,1995,1995,147521,-0.022058823529411797
2018-03-08,2000,2035,1965,2000,226689,0.0025062656641603454
2018-03-09,2020,2085,1990,2010,209251,0.004999999999999893
2018-03-12,2015,2030,1985,2010,182077,0.0
2018-03-13,2070,2070,2005,2040,125020,0.014925373134328401
2018-03-14,2065,2080,2040,2075,149371,0.017156862745097978
2018-03-15,2080,2365,2080,2260,1420150,0.08915662650602418
2018-03-16,2290,2295,2220,2230,1259272,-0.013274336283185861
2018-03-19,2230,2245,2165,2220,226263,-0.004484304932735439
2018-03-20,2205,2235,2170,2235,249729,0.006756756756756799
2018-03-21,2235,2290,2195,2275,332741,0.017897091722595126
2018-03-22,2275,2350,2225,2230,362723,-0.01978021978021982
2018-03-23,2190,2280,2140,2140,325266,-0.04035874439461884
2018-03-26,2170,2180,2125,2150,122980,0.004672897196261738
2018-03-27,2155,2235,2145,2235,257076,0.03953488372093017
2018-03-28,2230,2230,2145,2170,263385,-0.029082774049216997
2018-03-29,2175,2205,2135,2165,237709,-0.0023041474654378336
2018-03-30,2180,2215,2165,2215,150547,0.023094688221708903
2018-04-02,2180,2230,2170,2210,176261,-0.0022573363431150906
2018-04-03,2185,2190,2150,2160,161033,-0.022624434389140302
2018-04-04,2165,2200,2050,2050,480274,-0.05092592592592593
2018-04-05,2060,2095,2005,2020,196960,-0.014634146341463428
2018-04-06,2020,2100,2020,2090,162840,0.034653465346534684
2018-04-09,2090,2150,2065,2110,144548,0.009569377990430672
2018-04-10,2115,2115,2040,2060,106617,-0.023696682464455
2018-04-11,2075,2095,2040,2095,84526,0.016990291262136026
2018-04-12,2065,2160,2030,2110,154594,0.007159904534606243
2018-04-13,2080,2150,2060,2120,193340,0.004739336492890933
2018-04-16,2130,2155,2095,2150,232130,0.014150943396226356
2018-04-17,2165,2285,2140,2280,612930,0.0604651162790697
2018-04-18,2280,2375,2240,2315,503700,0.015350877192982448
2018-04-19,2350,2385,2270,2330,359899,0.00647948164146861
2018-04-20,2330,2480,2295,2430,460104,0.0429184549356223
2018-04-23,2455,2470,2400,2415,266748,-0.006172839506172867
2018-04-24,2440,2450,2355,2430,283217,0.006211180124223503
2018-04-25,2410,2435,2315,2315,361863,-0.04732510288065839
2018-04-26,2350,2430,2300,2380,263077,0.02807775377969768
2018-04-27,2370,2420,2330,2420,165788,0.01680672268907557
2018-04-30,2420,2430,2375,2420,222089,0.0
2018-05-02,2420,2425,2330,2425,320407,0.0020661157024792765
2018-05-03,2425,2440,2360,2405,216210,-0.008247422680412342
2018-05-04,2450,2720,2420,2700,1794046,0.12266112266112272
2018-05-08,2735,3170,2730,3055,2534162,0.13148148148148153
2018-05-09,2970,3100,2855,2950,692891,-0.03436988543371522
2018-05-10,2950,3240,2910,3170,1177063,0.07457627118644061
2018-05-11,3170,3170,3020,3075,472883,-0.029968454258675115
2018-05-14,3070,3270,3065,3205,763493,0.042276422764227606
2018-05-15,3240,3240,3150,3235,305061,0.009360374414976613
2018-05-16,3245,4050,3160,3760,3716527,0.16228748068006182
2018-05-17,3685,3980,3600,3600,1282049,-0.04255319148936165
2018-05-18,3620,3620,3265,3400,1696074,-0.05555555555555558
2018-05-21,3380,3585,3345,3520,820240,0.03529411764705892
2018-05-23,3520,3915,3455,3745,885270,0.06392045454545459
2018-05-24,3705,3930,3630,3650,662404,-0.025367156208277675
2018-05-25,3560,3745,3450,3550,489771,-0.0273972602739726
2018-05-28,3550,3685,3500,3535,376950,-0.004225352112676051
2018-05-29,3535,3615,3300,3400,649075,-0.038189533239038176
2018-05-30,3450,3570,3315,3455,450650,0.016176470588235237
2018-05-31,3455,3510,3295,3300,333171,-0.04486251808972508
2018-06-01,3300,3400,3130,3200,559475,-0.030303030303030276
2018-06-04,3235,3330,3045,3210,1019957,0.0031250000000000444
2018-06-05,3220,3255,3105,3165,349576,-0.014018691588784993
2018-06-07,3250,3310,3100,3215,406989,0.01579778830963674
2018-06-08,3295,3295,3170,3210,302395,-0.0015552099533436836
2018-06-11,3250,3570,3195,3470,865017,0.0809968847352025
2018-06-12,3480,3605,3265,3340,817852,-0.03746397694524495
2018-06-14,3380,3450,3200,3205,457322,-0.04041916167664672
2018-06-15,3200,3360,3105,3160,513044,-0.01404056162246492
2018-06-18,3130,3210,2900,2930,529054,-0.07278481012658233
2018-06-19,2930,3080,2845,2910,313897,-0.0068259385665528916
2018-06-20,2910,3030,2865,3020,177416,0.037800687285223455
2018-06-21,3020,3060,2890,2960,202225,-0.019867549668874163
2018-06-22,2960,2975,2870,2890,249984,-0.023648648648648685
2018-06-25,2855,3020,2830,2960,198654,0.02422145328719716
2018-06-26,2865,2995,2820,2980,183510,0.006756756756756799
2018-06-27,3010,3020,2870,2940,162720,-0.01342281879194629
2018-06-28,2940,3000,2860,2860,105773,-0.027210884353741527
2018-06-29,2830,2890,2755,2855,141321,-0.0017482517482517723
2018-07-02,2880,2995,2655,2685,445119,-0.05954465849387036
2018-07-03,2635,2690,2520,2660,355335,-0.009310986964618295
2018-07-04,2685,2685,2545,2650,146556,-0.003759398496240629
2018-07-05,2600,2730,2565,2625,147919,-0.009433962264150941
2018-07-06,2630,2645,2530,2625,261147,0.0
2018-07-09,2605,2620,2490,2620,148063,-0.0019047619047618536
2018-07-10,2650,2665,2565,2645,109514,0.009541984732824416
2018-07-11,2700,2700,2565,2640,133226,-0.001890359168241984
2018-07-12,2615,2640,2580,2600,147540,-0.015151515151515138
2018-07-13,2650,2650,2595,2615,77861,0.005769230769230749
2018-07-16,2605,2770,2570,2705,502642,0.03441682600382401
2018-07-17,2700,2930,2650,2800,274819,0.03512014787430684
2018-07-18,2785,2935,2745,2935,217494,0.048214285714285765
2018-07-19,2990,3745,2800,3270,5441787,0.11413969335604768
2018-07-20,3250,3420,3100,3330,1416910,0.0183486238532109
2018-07-23,3330,3390,3110,3220,647906,-0.033033033033033066
2018-07-24,3225,3465,3135,3155,955477,-0.02018633540372672
2018-07-25,3220,3220,2995,3010,338788,-0.045958795562599075
2018-07-26,3045,3305,3020,3230,669978,0.07308970099667778
2018-07-27,3185,3260,3140,3210,279375,-0.006191950464396245
2018-07-30,3150,3210,3130,3150,156624,-0.01869158878504673
2018-07-31,3130,3195,3060,3155,116650,0.0015873015873015817
2018-08-01,3155,3360,3100,3290,561667,0.04278922345483349
2018-08-02,3310,3475,3270,3280,858306,-0.003039513677811523
2018-08-03,3245,3360,3235,3350,208328,0.021341463414634054
2018-08-06,3350,3355,3290,3300,179095,-0.014925373134328401
2018-08-07,3300,3315,3095,3140,321413,-0.048484848484848464
2018-08-08,3140,3270,3140,3270,137856,0.04140127388535042
2018-08-09,3275,3345,3200,3240,142874,-0.00917431192660545
2018-08-10,3205,3245,3115,3200,192085,-0.012345679012345734
2018-08-13,3200,3230,2995,3040,352575,-0.050000000000000044
2018-08-14,2995,3050,2940,2985,213488,-0.018092105263157854
2018-08-16,2985,2985,2870,2885,147114,-0.03350083752093802
2018-08-17,2950,3160,2945,3130,312026,0.08492201039861347
2018-08-20,3165,3220,3110,3130,166604,0.0
2018-08-21,3115,3280,3110,3190,248515,0.019169329073482455
2018-08-22,3240,3240,3135,3205,148800,0.004702194357366851
2018-08-23,3240,3325,3095,3170,308690,-0.010920436817472678
2018-08-24,3190,3275,3080,3170,200203,0.0
2018-08-27,3170,3210,3045,3120,206082,-0.01577287066246058
2018-08-28,3190,3210,3030,3030,295317,-0.028846153846153855
2018-08-29,2985,3050,2950,3025,167029,-0.0016501650165016146
2018-08-30,3040,3085,3005,3080,76269,0.018181818181818077
2018-08-31,3075,3135,2930,3050,226311,-0.009740259740259716
2018-09-03,3050,3050,2980,3040,186478,-0.003278688524590123
2018-09-04,3040,3110,2990,3015,193271,-0.008223684210526327
2018-09-05,3005,3065,2995,3030,152601,0.004975124378109541
2018-09-06,3030,3055,3000,3035,99441,0.0016501650165017256
2018-09-07,3020,3030,2955,3020,114347,-0.0049423393739703725
2018-09-10,2985,3020,2975,2985,110380,-0.011589403973509937
2018-09-11,2985,3020,2965,2990,128553,0.0016750418760469454
2018-09-12,2985,2995,2890,2930,230343,-0.02006688963210701
2018-09-13,2930,2930,2850,2910,198691,-0.0068259385665528916
2018-09-14,2905,2925,2885,2920,118307,0.0034364261168384758
2018-09-17,2885,2920,2850,2900,128806,-0.006849315068493178
2018-09-18,2880,2920,2850,2870,91331,-0.010344827586206917
2018-09-19,2870,2900,2810,2860,214850,-0.0034843205574912606
2018-09-20,2860,2860,2750,2760,212399,-0.034965034965035
2018-09-21,2785,2830,2750,2815,69088,0.019927536231884035
2018-09-27,2795,2815,2735,2770,91939,-0.01598579040852577
2018-09-28,2770,2795,2675,2675,206853,-0.03429602888086647
2018-10-01,2670,2730,2595,2660,197697,-0.005607476635513975
2018-10-02,2660,2680,2575,2605,152475,-0.020676691729323293
2018-10-04,2580,2630,2535,2620,136646,0.0057581573896352545
2018-10-05,2630,2630,2505,2555,90928,-0.024809160305343525
2018-10-08,2500,2645,2400,2595,117817,0.015655577299412915
2018-10-10,2585,2650,2490,2555,197708,-0.015414258188824692
2018-10-11,2620,2620,2410,2410,239178,-0.05675146771037187
2018-10-12,2330,2515,2330,2485,152306,0.03112033195020736
2018-10-15,2485,2485,2365,2385,131376,-0.04024144869215296
2018-10-16,2400,2400,2285,2340,216407,-0.018867924528301883
2018-10-17,2365,2365,2295,2335,103524,-0.002136752136752129
2018-10-18,2370,2445,2305,2370,161119,0.01498929336188426
2018-10-19,2370,2420,2320,2365,65327,-0.002109704641350185
2018-10-22,2395,2395,2320,2375,82462,0.0042283298097252064
2018-10-23,2375,2395,2310,2355,130701,-0.008421052631578996
2018-10-24,2355,2375,2200,2225,117832,-0.05520169851380041
2018-10-25,2180,2195,1950,2010,280127,-0.09662921348314601
2018-10-26,2025,2065,1890,1980,231195,-0.014925373134328401
2018-10-29,1980,2030,1725,1725,312862,-0.12878787878787878
2018-10-30,1685,1910,1675,1900,230617,0.10144927536231885
2018-10-31,1930,2075,1900,2060,194069,0.08421052631578951
2018-11-01,2080,2295,2080,2205,249648,0.07038834951456319
2018-11-02,2210,2315,2180,2260,162265,0.024943310657596474
2018-11-05,2265,2275,2160,2260,70806,0.0
2018-11-06,2325,2325,2215,2265,37728,0.0022123893805310324
2018-11-07,2235,2365,2230,2280,140854,0.0066225165562914245
2018-11-08,2315,2340,2265,2285,63785,0.002192982456140413
2018-11-09,2290,2315,2215,2270,110566,-0.006564551422319487
2018-11-12,2250,2265,2095,2120,73790,-0.06607929515418498
2018-11-13,2100,2170,2060,2165,27352,0.021226415094339535
2018-11-14,2160,2160,2085,2120,50244,-0.020785219399538146
2018-11-15,2120,2120,2045,2100,51401,-0.009433962264150941
2018-11-16,2115,2140,2040,2125,88298,0.011904761904761862
2018-11-19,2130,2250,2130,2250,45465,0.05882352941176472
2018-11-20,2230,2280,2190,2245,34146,-0.0022222222222222365
2018-11-21,2250,2250,2165,2170,55574,-0.03340757238307346
2018-11-22,2210,2220,2130,2170,37259,0.0
2018-11-23,2210,2550,2185,2190,835083,0.009216589861751112
2018-11-26,2190,2285,2180,2230,50743,0.0182648401826484
2018-11-27,2265,2265,2160,2215,55804,-0.006726457399103158
2018-11-28,2230,2260,2185,2185,67806,-0.013544018058690765
2018-11-29,2240,2240,2140,2170,59443,-0.006864988558352381
2018-11-30,2155,2200,2100,2145,91197,-0.011520737327188946
2018-12-03,2180,2185,2120,2170,43545,0.011655011655011593
2018-12-04,2170,2190,2115,2120,49845,-0.02304147465437789
2018-12-05,2090,2130,2070,2095,26706,-0.011792452830188704
2018-12-06,2095,2095,2005,2045,78606,-0.023866348448687402
2018-12-07,2025,2145,2000,2115,163820,0.03422982885085579
2018-12-10,2110,2380,2100,2165,327195,0.023640661938534313
2018-12-11,2145,2225,2130,2180,138135,0.006928406466512715
2018-12-12,2180,2230,2140,2170,37304,-0.004587155963302725
2018-12-13,2170,2220,2160,2215,63929,0.02073732718894017
2018-12-14,2215,2270,2160,2230,135270,0.006772009029345272
2018-12-17,2260,2260,2145,2200,79138,-0.013452914798206317
2018-12-18,2195,2195,2125,2180,71540,-0.009090909090909038
2018-12-19,2170,2200,2140,2180,39706,0.0
2018-12-20,2175,2200,2130,2160,51535,-0.00917431192660545
2018-12-21,2170,2170,2100,2160,86462,0.0
2018-12-24,2145,2210,2135,2150,143660,-0.00462962962962965
2018-12-26,2010,2245,2005,2195,284542,0.020930232558139528
2018-12-27,2195,2275,2195,2240,99550,0.0205011389521641
2018-12-28,2270,2270,2190,2215,49523,-0.011160714285714302
2019-01-02,2280,2280,2160,2190,24598,-0.011286681715575675
2019-01-03,2195,2195,2110,2180,44928,-0.004566210045662156
2019-01-04,2180,2395,2130,2240,180908,0.02752293577981657
2019-01-07,2260,2315,2225,2260,77610,0.008928571428571397
2019-01-08,2230,2265,2200,2250,39095,-0.004424778761061954
2019-01-09,2260,2260,2210,2230,35077,-0.008888888888888835
2019-01-10,2205,2245,2205,2230,20763,0.0
2019-01-11,2235,2240,2200,2225,121595,-0.0022421524663677195
2019-01-14,2245,2245,2200,2210,39573,-0.006741573033707815
2019-01-15,2245,2270,2210,2240,45005,0.013574660633484115
2019-01-16,2260,2350,2225,2320,154675,0.03571428571428581
2019-01-17,2325,2510,2300,2465,269623,0.0625
2019-01-18,2490,2710,2425,2620,501913,0.06288032454361048
2019-01-21,2710,2730,2545,2595,214681,-0.009541984732824416
2019-01-22,2555,2580,2440,2440,111362,-0.05973025048169556
2019-01-23,2440,2490,2400,2405,74274,-0.014344262295082011
2019-01-24,2500,2510,2425,2460,103529,0.022869022869022926
2019-01-25,2520,2520,2400,2495,95832,0.014227642276422703
2019-01-28,2610,2610,2435,2480,79012,-0.006012024048096198
2019-01-29,2450,2500,2445,2495,66772,0.006048387096774244
2019-01-30,2460,2510,2455,2460,35090,-0.014028056112224463
2019-01-31,2490,2490,2440,2480,53828,0.008130081300812941
2019-02-01,2500,2500,2430,2490,80282,0.0040322580645162365
2019-02-07,2455,2545,2455,2510,195221,0.008032128514056325
2019-02-08,2545,2545,2480,2500,46630,-0.003984063745019917
2019-02-11,2480,2505,2425,2475,77358,-0.010000000000000009
2019-02-12,2505,2505,2425,2430,77123,-0.018181818181818188
2019-02-13,2415,2465,2335,2390,95724,-0.016460905349794275
2019-02-14,2390,2395,2305,2360,94335,-0.012552301255230103
2019-02-15,2360,2360,2300,2340,85093,-0.008474576271186418
2019-02-18,2350,2390,2300,2325,101849,-0.0064102564102563875
2019-02-19,2365,2365,2285,2320,65819,-0.0021505376344086446
2019-02-20,2350,2350,2300,2305,62112,-0.006465517241379337
2019-02-21,2310,2330,2170,2235,172669,-0.030368763557483747
2019-02-22,2225,2320,2205,2270,116761,0.015659955257270708
2019-02-25,2295,2360,2255,2300,133647,0.013215859030837107
2019-02-26,2350,2385,2285,2290,114970,-0.004347826086956497
2019-02-27,2295,2360,2285,2285,63606,-0.0021834061135370675
2019-02-28,2285,2350,2235,2270,154474,-0.006564551422319487
2019-03-04,2300,2360,2270,2335,120994,0.028634361233480066
2019-03-05,2400,2400,2280,2310,83997,-0.010706638115631661
2019-03-06,2335,2350,2305,2315,40146,0.0021645021645022577
2019-03-07,2320,2350,2280,2315,83304,0.0
2019-03-08,2280,2310,2275,2305,80819,-0.004319654427645814
2019-03-11,2280,2340,2265,2340,50035,0.015184381778741818
2019-03-12,2395,2395,2305,2350,76303,0.004273504273504258
2019-03-13,2400,2400,2335,2385,90291,0.014893617021276562
2019-03-14,2400,2475,2365,2460,199911,0.03144654088050314
2019-03-15,2460,2460,2415,2435,73554,-0.010162601626016232
2019-03-18,2460,2475,2405,2430,46582,-0.002053388090349051
2019-03-19,2430,2450,2365,2400,77303,-0.012345679012345734
2019-03-20,2400,2435,2340,2370,77381,-0.012499999999999956
2019-03-21,2350,2380,2230,2270,316061,-0.04219409282700426
2019-03-22,2270,2270,2240,2265,89932,-0.0022026431718061845
2019-03-25,2265,2300,2235,2245,29075,-0.008830022075055233
2019-03-26,2220,2280,2220,2265,39674,0.008908685968819663
2019-03-27,2270,2440,2255,2360,203142,0.04194260485651213
2019-03-28,2350,2435,2350,2385,84789,0.010593220338983134
2019-03-29,2400,2410,2355,2390,126562,0.002096436058700135
2019-04-01,2400,2430,2325,2380,77821,-0.004184100418409997
2019-04-02,2380,2390,2345,2375,42265,-0.0021008403361344463
2019-04-03,2375,2415,2360,2380,22150,0.002105263157894832
2019-04-04,2400,2400,2360,2370,38730,-0.004201680672268893
2019-04-05,2370,2395,2355,2365,152157,-0.002109704641350185
2019-04-08,2365,2415,2325,2395,71517,0.012684989429175397
2019-04-09,2395,2455,2380,2410,119379,0.006263048016701411
2019-04-10,2410,2440,2395,2435,48419,0.010373443983402453
2019-04-11,2465,2470,2410,2435,84755,0.0
2019-04-12,2435,2440,2390,2430,60953,-0.002053388090349051
2019-04-15,2405,2440,2400,2410,46511,-0.008230452674897082
2019-04-16,2425,2445,2380,2410,59502,0.0
2019-04-17,2435,2440,2390,2420,67200,0.004149377593360981
2019-04-18,2410,2430,2395,2410,46579,-0.004132231404958664
2019-04-19,2410,2685,2400,2650,682135,0.09958506224066399
2019-04-22,2700,2870,2655,2700,761253,0.018867924528301883
2019-04-23,2700,2795,2640,2735,245835,0.012962962962963065
2019-04-24,2800,2870,2610,2675,367116,-0.021937842778793404
2019-04-25,2690,2690,2565,2645,274792,-0.01121495327102806
2019-04-26,2600,2860,2600,2770,374364,0.047258979206049156
2019-04-29,2770,2865,2750,2840,206399,0.025270758122743597
2019-04-30,2850,2900,2775,2795,143332,-0.015845070422535246
2019-05-02,2795,2820,2780,2805,91537,0.003577817531305927
2019-05-03,2830,2880,2790,2810,174251,0.0017825311942958333
2019-05-07,2800,2800,2715,2785,170259,-0.008896797153024938
2019-05-08,2745,2785,2735,2765,111496,-0.007181328545781018
2019-05-09,2790,2790,2620,2660,223257,-0.03797468354430378
2019-05-10,2580,2675,2575,2625,107534,-0.013157894736842146
2019-05-13,2630,2670,2500,2555,86771,-0.026666666666666616
2019-05-14,2525,2555,2495,2545,87477,-0.003913894324853229
2019-05-15,2545,2635,2520,2620,145244,0.02946954813359537
2019-05-16,2620,2655,2570,2620,57948,0.0
2019-05-17,2625,2640,2525,2605,74248,-0.005725190839694694
2019-05-20,2605,2615,2470,2570,246378,-0.013435700575815779
2019-05-21,2550,2550,2460,2500,92851,-0.027237354085603127
2019-05-22,2520,2580,2415,2540,128472,0.016000000000000014
2019-05-23,2510,2580,2495,2540,89009,0.0
2019-05-24,2540,2695,2500,2550,196151,0.003937007874015741
2019-05-27,2500,2585,2500,2555,95520,0.0019607843137254832
2019-05-28,2555,2800,2540,2715,334457,0.06262230919765166
2019-05-29,2715,2750,2655,2700,122410,-0.0055248618784530246
2019-05-30,2690,2730,2630,2660,131738,-0.014814814814814836
2019-05-31,2665,2780,2650,2700,121815,0.015037593984962516
2019-06-03,2715,2715,2660,2690,97382,-0.0037037037037036535
2019-06-04,2690,2690,2595,2640,96864,-0.018587360594795488
2019-06-05,2640,2650,2575,2600,64662,-0.015151515151515138
2019-06-07,2615,2620,2545,2595,79610,-0.0019230769230769162
2019-06-10,2605,2655,2575,2605,58313,0.003853564547206201
2019-06-11,2635,2635,2565,2610,62015,0.0019193857965451588
2019-06-12,2610,2665,2560,2610,94745,0.0
2019-06-13,2610,2655,2600,2655,135546,0.01724137931034475
2019-06-14,2670,2745,2655,2725,197634,0.026365348399246757
2019-06-17,2750,2850,2710,2745,276719,0.007339449541284404
2019-06-18,2680,2840,2680,2795,338635,0.01821493624772308
2019-06-19,2800,2835,2780,2800,273087,0.0017889087656528524
2019-06-20,2810,2895,2785,2895,332831,0.03392857142857153
2019-06-21,2920,2920,2690,2740,465702,-0.05354058721934374
2019-06-24,2740,2875,2705,2835,319936,0.034671532846715314
2019-06-25,2825,2845,2755,2800,159131,-0.012345679012345734
2019-06-26,2775,2795,2725,2750,130532,-0.017857142857142905
2019-06-27,2750,2755,2680,2730,93284,-0.0072727272727273196
2019-06-28,2725,2725,2570,2645,190624,-0.031135531135531136
2019-07-01,2645,2710,2570,2700,138345,0.020793950850661602
2019-07-02,2710,2710,2615,2675,127735,-0.0092592592592593
2019-07-03,2675,2705,2655,2700,109825,0.009345794392523255
2019-07-04,2720,3050,2680,3000,1838402,0.11111111111111116
2019-07-05,2960,3155,2860,3000,1137496,0.0
2019-07-08,3000,3900,2965,3680,11030028,0.22666666666666657
2019-07-09,3620,3645,3405,3620,2689109,-0.016304347826086918
2019-07-10,3800,4065,3425,3530,7052164,-0.024861878453038666
2019-07-11,3725,3790,3210,3245,4224141,-0.08073654390934848
2019-07-12,3285,3385,3200,3330,2125499,0.026194144838212585
2019-07-15,3365,3490,3220,3480,2139789,0.04504504504504503
2019-07-16,3590,3785,3290,3330,4644577,-0.0431034482758621
2019-07-17,3395,3400,3080,3165,1021025,-0.0495495495495496
2019-07-18,3165,3190,2965,2995,803865,-0.05371248025276465
2019-07-19,3010,3165,2885,3140,841240,0.048414023372287174
2019-07-22,3120,3190,3070,3150,473079,0.0031847133757962887
2019-07-23,3170,3225,2995,3000,613811,-0.04761904761904767
2019-07-24,3005,3015,2875,2945,668437,-0.018333333333333313
2019-07-25,2980,3005,2625,2730,2142047,-0.07300509337860783
2019-07-26,2520,2915,2520,2900,1740862,0.06227106227106227
2019-07-29,3000,3010,2810,2860,691024,-0.01379310344827589
2019-07-30,2815,2965,2815,2930,503104,0.02447552447552437
2019-07-31,2930,3065,2900,3045,1294370,0.03924914675767921
2019-08-01,3045,3065,2890,2960,851122,-0.02791461412151064
2019-08-02,3000,3130,2845,3100,1372919,0.04729729729729737
2019-08-05,3130,3400,3090,3175,2713774,0.024193548387096753
2019-08-06,3100,3330,2825,3140,1419927,-0.011023622047244053
2019-08-07,3255,3355,3140,3340,2069178,0.06369426751592355
2019-08-08,3340,3420,3180,3375,1507946,0.010479041916167775
2019-08-09,3240,3365,3205,3260,808014,-0.034074074074074034
2019-08-12,3285,3315,3160,3290,484242,0.009202453987730008
2019-08-13,3315,3450,3230,3435,896523,0.04407294832826758
2019-08-14,3455,3465,3290,3290,634201,-0.042212518195050897
2019-08-16,3155,3250,2995,3025,638992,-0.08054711246200608
2019-08-19,3050,3235,2990,3160,407967,0.044628099173553704
2019-08-20,3200,3235,3075,3100,360692,-0.01898734177215189
2019-08-21,3100,3200,3060,3105,229747,0.001612903225806539
2019-08-22,3165,3165,3000,3000,370504,-0.033816425120772986
2019-08-23,3010,3125,2990,3070,289308,0.023333333333333428
2019-08-26,3050,3100,2980,3075,323790,0.0016286644951140072
2019-08-27,3110,3240,3060,3115,374898,0.01300813008130075
2019-08-28,3135,3195,3105,3105,308845,-0.0032102728731941976
2019-08-29,3160,3160,3040,3080,221521,-0.008051529790660261
2019-08-30,3080,3110,3050,3050,210450,-0.009740259740259716
2019-09-02,3050,3155,3035,3140,194307,0.029508196721311553
2019-09-03,3130,3220,3130,3160,149013,0.006369426751592355
2019-09-04,3170,3205,3100,3135,214566,-0.007911392405063333
2019-09-05,3150,3230,3105,3140,198136,0.0015948963317384823
2019-09-06,3130,3165,3050,3055,258667,-0.027070063694267565
2019-09-09,3060,3110,3015,3055,111270,0.0
2019-09-10,3060,3090,3015,3035,115224,-0.006546644844517169
2019-09-11,3015,3115,3015,3100,118873,0.021416803953871577
2019-09-16,3105,3125,3095,3110,126160,0.003225806451612856
2019-09-17,3100,3385,3080,3385,1153841,0.08842443729903526
2019-09-18,3370,3460,3325,3405,898615,0.005908419497784312
2019-09-19,3405,3545,3405,3460,607392,0.01615271659324513
2019-09-20,3465,3530,3415,3470,401827,0.0028901734104045396
2019-09-23,3500,3520,3450,3500,315103,0.008645533141210304
2019-09-24,3505,3540,3465,3515,281466,0.004285714285714226
2019-09-25,3525,3535,3400,3470,448502,-0.012802275960170695
2019-09-26,3490,3980,3455,3770,2713962,0.08645533141210371
2019-09-27,3780,3875,3650,3695,784204,-0.019893899204244003
2019-09-30,3680,3740,3550,3650,466532,-0.012178619756427644
2019-10-01,3610,3800,3565,3795,521808,0.039726027397260166
2019-10-02,3790,3885,3645,3680,536949,-0.030303030303030276
2019-10-04,3650,3750,3610,3635,244689,-0.012228260869565188
2019-10-07,3615,3650,3480,3615,317775,-0.005502063273727598
2019-10-08,3650,3650,3500,3545,300298,-0.019363762102351356
2019-10-10,3545,3660,3515,3595,189166,0.014104372355430161
2019-10-11,3590,3630,3420,3420,322822,-0.04867872044506261
2019-10-14,3420,3450,3315,3380,255320,-0.011695906432748537
2019-10-15,3350,3485,3350,3440,134711,0.01775147928994092
2019-10-16,3440,3465,3365,3375,268865,-0.018895348837209336
2019-10-17,3360,3425,3345,3385,119744,0.002962962962963056
2019-10-18,3385,3450,3360,3375,154130,-0.002954209748892156
2019-10-21,3425,3425,3315,3365,153596,-0.002962962962962945
2019-10-22,3365,3385,3330,3355,146728,-0.002971768202080227
2019-10-23,3325,3355,3260,3305,261788,-0.014903129657228065
2019-10-24,3305,3305,3185,3260,155736,-0.013615733736762503
2019-10-25,3260,3340,3200,3300,156672,0.012269938650306678
2019-10-28,3300,3330,3160,3180,247578,-0.036363636363636376
2019-10-29,3185,3335,3165,3335,353555,0.04874213836477992
2019-10-30,3335,3345,3265,3295,115672,-0.01199400299850073
2019-10-31,3310,3335,3275,3310,158699,0.004552352048558417
2019-11-01,3335,3390,3290,3390,178869,0.024169184290030232
2019-11-04,3370,3445,3370,3410,234445,0.005899705014749346
2019-11-05,3415,3420,3280,3325,284737,-0.024926686217008776
2019-11-06,3325,3330,3225,3250,188655,-0.022556390977443663
2019-11-07,3230,3290,3230,3230,93548,-0.006153846153846176
2019-11-08,3220,3260,3215,3250,148492,0.006191950464396356
2019-11-11,3235,3305,3175,3235,130430,-0.004615384615384577
2019-11-12,3205,3255,3200,3220,116323,-0.004636785162287493
2019-11-13,3210,3245,3190,3220,101176,0.0
2019-11-14,3205,3250,3195,3220,109278,0.0
2019-11-15,3200,3300,3130,3255,281319,0.010869565217391353
2019-11-18,3270,3285,3215,3240,147579,-0.004608294930875556
2019-11-19,3235,3250,3120,3120,305741,-0.03703703703703709
2019-11-20,3105,3140,2975,2990,417018,-0.04166666666666663
2019-11-21,2985,2985,2825,2910,381968,-0.026755852842809347
2019-11-22,2890,3120,2890,3015,335031,0.03608247422680422
2019-11-25,2980,3115,2980,3060,103490,0.014925373134328401
2019-11-26,3060,3085,3020,3060,124920,0.0
2019-11-27,3060,3085,3000,3015,99627,-0.014705882352941124
2019-11-28,3055,3055,2965,2985,152089,-0.00995024875621886
2019-11-29,2980,3015,2900,2940,187435,-0.015075376884422065
2019-12-02,2905,2945,2855,2890,146933,-0.017006802721088454
2019-12-03,2890,2975,2835,2970,146397,0.02768166089965396
2019-12-04,2960,2985,2910,2925,76872,-0.015151515151515138
2019-12-05,2930,2940,2795,2800,160164,-0.042735042735042694
2019-12-06,2800,2875,2800,2845,89374,0.016071428571428514
2019-12-09,2870,2900,2800,2815,116170,-0.010544815465729385
2019-12-10,2815,2865,2775,2800,90096,-0.005328596802841923
2019-12-11,2780,2870,2780,2840,141659,0.014285714285714235
2019-12-12,2840,2855,2795,2825,165154,-0.005281690140845119
2019-12-13,2825,2880,2775,2840,260342,0.005309734513274433
2019-12-16,2880,2885,2800,2815,222429,-0.008802816901408494
2019-12-17,2830,2830,2695,2715,307594,-0.035523978685612745
2019-12-18,2715,2740,2660,2665,190060,-0.018416206261510082
2019-12-19,2680,2740,2665,2705,134783,0.015009380863039379
2019-12-20,2730,2745,2700,2715,91460,0.003696857670979714
2019-12-23,2725,2730,2585,2595,282828,-0.04419889502762431
2019-12-24,2580,2835,2515,2740,514068,0.05587668593448947
2019-12-26,2760,2845,2700,2810,298875,0.025547445255474477
2019-12-27,2830,2855,2780,2820,135638,0.003558718861210064
2019-12-30,2845,2845,2795,2820,49656,0.0
2020-01-02,2820,2845,2780,2795,131742,-0.00886524822695034
2020-01-03,2795,2825,2775,2810,100374,0.005366726296958779
2020-01-06,2800,2805,2650,2685,201779,-0.04448398576512458
2020-01-07,2685,2745,2685,2745,62241,0.022346368715083775
2020-01-08,2720,2745,2580,2585,203909,-0.05828779599271405
2020-01-09,2645,2730,2640,2700,68577,0.044487427466150864
2020-01-10,2710,2785,2710,2785,71797,0.031481481481481444
2020-01-13,2770,2835,2740,2815,100353,0.010771992818671361
2020-01-14,2830,2845,2795,2805,83827,-0.003552397868561319
2020-01-15,2805,2825,2780,2800,81013,-0.0017825311942959443
2020-01-16,2825,2950,2800,2905,308911,0.03750000000000009
2020-01-17,2900,2985,2885,2930,105773,0.008605851979345935
2020-01-20,2965,2965,2860,2880,128911,-0.017064846416382284
2020-01-21,2865,2920,2850,2890,88842,0.003472222222222321
2020-01-22,2890,2935,2850,2880,147537,-0.0034602076124568004
2020-01-23,2880,2885,2815,2860,85542,-0.00694444444444442
2020-01-28,2850,2850,2655,2720,287399,-0.04895104895104896
2020-01-29,2720,2765,2610,2680,117811,-0.014705882352941124
2020-01-30,2650,2675,2580,2600,183478,-0.02985074626865669
2020-01-31,2600,2680,2575,2575,127803,-0.009615384615384581
2020-02-03,2575,2650,2495,2635,101895,0.023300970873786353
2020-02-04,2635,2770,2635,2755,112706,0.04554079696394697
2020-02-05,2775,2785,2705,2730,128390,-0.00907441016333943
2020-02-06,2730,2840,2730,2805,182898,0.027472527472527375
2020-02-07,2805,2820,2755,2775,59325,-0.010695187165775444
2020-02-10,2775,2810,2740,2810,53882,0.012612612612612706
2020-02-11,2820,2945,2810,2905,254267,0.03380782918149472
2020-02-12,2940,2945,2870,2905,97750,0.0
2020-02-13,2910,2930,2865,2895,116120,-0.0034423407917383297
2020-02-14,2900,2920,2845,2855,89527,-0.013816925734024155
2020-02-17,2870,3000,2825,2950,270670,0.03327495621716281
2020-02-18,2970,2970,2890,2910,90416,-0.013559322033898313
2020-02-19,2900,2935,2850,2885,159643,-0.00859106529209619
2020-02-20,2865,2885,2790,2865,129466,-0.006932409012131768
2020-02-21,2810,2845,2720,2730,172505,-0.04712041884816753
2020-02-24,2675,2715,2565,2570,133872,-0.05860805860805862
2020-02-25,2590,2750,2575,2740,103511,0.06614785992217898
2020-02-26,2710,2710,2625,2645,130369,-0.034671532846715314
2020-02-27,2645,2655,2525,2570,180336,-0.02835538752362954
2020-02-28,2500,2535,2345,2390,479790,-0.07003891050583655
2020-03-02,2350,2575,2350,2570,183752,0.07531380753138084
2020-03-03,2600,2650,2450,2450,175818,-0.046692607003890996
2020-03-04,2470,2550,2470,2550,104598,0.04081632653061229
2020-03-05,2575,2625,2500,2590,86266,0.015686274509803866
2020-03-06,2580,2600,2500,2570,102725,-0.007722007722007707
2020-03-09,2560,2560,2425,2455,163870,-0.04474708171206221
2020-03-10,2380,2440,2315,2415,311365,-0.016293279022403295
2020-03-11,2445,2445,2170,2220,413601,-0.08074534161490687
2020-03-12,2165,2205,2010,2010,413001,-0.09459459459459463
2020-03-13,1830,1975,1545,1920,904149,-0.04477611940298509
2020-03-16,2040,2050,1850,1890,299998,-0.015625
2020-03-17,1790,1940,1700,1880,265226,-0.005291005291005346
2020-03-18,1885,1960,1700,1705,285651,-0.09308510638297873
2020-03-19,1710,1755,1375,1430,633862,-0.16129032258064513
2020-03-20,1300,1575,1300,1510,534161,0.05594405594405605
2020-03-23,1440,1475,1370,1370,321921,-0.0927152317880795
2020-03-24,1405,1485,1395,1475,315444,0.07664233576642343
2020-03-25,1550,1755,1550,1755,497875,0.18983050847457617
2020-03-26,1760,1870,1680,1850,428890,0.054131054131054235
2020-03-27,1895,1930,1750,1790,366904,-0.032432432432432434
2020-03-30,1770,1800,1670,1795,187744,0.0027932960893854997
2020-03-31,1805,1870,1790,1870,280277,0.04178272980501396
2020-04-01,1875,2050,1830,1870,614089,0.0
2020-04-02,1875,1970,1850,1895,196075,0.013368983957219305
2020-04-03,1930,1970,1885,1925,169187,0.0158311345646438
2020-04-06,1925,2015,1905,1985,254581,0.03116883116883118
2020-04-07,2040,2395,2015,2250,878308,0.1335012594458438
2020-04-08,2250,2255,2100,2180,347241,-0.03111111111111109
2020-04-09,2180,2260,2150,2200,193913,0.00917431192660545
2020-04-10,2230,2570,2215,2390,1198468,0.08636363636363642
2020-04-13,2410,2410,2280,2280,336345,-0.046025104602510414
2020-04-14,2300,2365,2290,2315,123938,0.015350877192982448
2020-04-16,2335,2335,2210,2300,248365,-0.006479481641468721
2020-04-17,2330,2410,2330,2385,230543,0.03695652173913033
2020-04-20,2400,2460,2400,2435,229561,0.020964360587002018
2020-04-21,2480,2480,2100,2425,319735,-0.004106776180698102
2020-04-22,2400,2400,2305,2375,144002,-0.020618556701030966
2020-04-23,2450,2450,2355,2370,122588,-0.002105263157894721
2020-04-24,2320,2410,2280,2310,139018,-0.025316455696202556
2020-04-27,2310,2370,2310,2350,123135,0.017316017316017396
2020-04-28,2395,2400,2300,2345,105380,-0.0021276595744680327
2020-04-29,2325,2375,2315,2350,105300,0.002132196162046851
2020-05-04,2350,2350,2295,2340,72312,-0.004255319148936176
2020-05-06,2370,2545,2345,2485,317388,0.06196581196581197
2020-05-07,2520,2520,2450,2520,133646,0.014084507042253502
2020-05-08,2520,2650,2515,2595,271259,0.029761904761904656
2020-05-11,2620,2630,2490,2595,157068,0.0
2020-05-12,2595,2595,2510,2545,153674,-0.019267822736030782
2020-05-13,2575,2575,2470,2540,95401,-0.0019646365422396617
2020-05-14,2540,2620,2530,2570,146715,0.011811023622047223
2020-05-15,2620,2685,2540,2670,277194,0.03891050583657596
2020-05-18,2700,2700,2570,2630,122598,-0.014981273408239737
2020-05-19,2655,2670,2570,2615,130067,-0.005703422053231932
2020-05-20,2625,2665,2600,2655,137445,0.015296367112810794
2020-05-21,2670,2675,2620,2670,156438,0.005649717514124353
2020-05-22,2730,2940,2730,2800,718097,0.04868913857677892
2020-05-25,2860,2860,2745,2775,195022,-0.008928571428571397
2020-05-26,2775,2835,2740,2775,136149,0.0
2020-05-27,2775,2815,2740,2760,121816,-0.00540540540540535
2020-05-28,2740,2760,2615,2670,317198,-0.03260869565217395
2020-05-29,2670,2720,2600,2680,89734,0.0037453183520599342
2020-06-01,2655,2725,2650,2680,140803,0.0
2020-06-02,2685,2730,2680,2705,90519,0.009328358208955168
2020-06-03,2720,2750,2630,2725,156398,0.007393715341959428
2020-06-04,2790,2790,2685,2725,151034,0.0
2020-06-05,2690,2720,2630,2670,253856,-0.020183486238532056
2020-06-08,2680,2710,2670,2675,127340,0.001872659176029856
2020-06-09,2700,2700,2600,2650,150300,-0.009345794392523366
2020-06-10,2650,2775,2640,2755,314235,0.039622641509434064
2020-06-11,2795,2970,2750,2805,771038,0.01814882032667886
2020-06-12,2700,2735,2630,2680,284935,-0.0445632798573975
2020-06-15,2720,2720,2300,2380,648900,-0.11194029850746268
2020-06-16,2385,2535,2385,2505,195799,0.05252100840336138
2020-06-17,2530,2630,2505,2555,210388,0.019960079840319445
2020-06-18,2555,2665,2460,2520,188081,-0.013698630136986356
2020-06-19,2505,2545,2450,2515,80192,-0.001984126984126977
2020-06-22,2515,2540,2465,2505,133830,-0.003976143141153132
2020-06-23,2540,2540,2450,2490,95795,-0.005988023952095856
2020-06-24,2540,2595,2460,2520,157206,0.012048192771084265
2020-06-25,2520,2520,2420,2430,239715,-0.0357142857142857
2020-06-26,2430,2480,2420,2450,81770,0.008230452674897082
2020-06-29,2460,2460,2340,2410,106219,-0.01632653061224487
2020-06-30,2410,2490,2365,2420,119251,0.004149377593360981
2020-07-01,2425,2540,2410,2475,139950,0.022727272727272707
2020-07-02,2475,2485,2415,2450,119598,-0.010101010101010055
2020-07-03,2475,2475,2400,2430,102592,-0.008163265306122436
2020-07-06,2430,2435,2390,2420,91130,-0.004115226337448541
2020-07-07,2425,2425,2375,2375,102289,-0.018595041322314043
2020-07-08,2375,2385,2355,2375,77131,0.0
2020-07-09,2360,2445,2360,2430,149894,0.023157894736842044
2020-07-10,2440,2440,2370,2380,103810,-0.020576131687242816
2020-07-13,2420,2420,2355,2400,114764,0.008403361344537785
2020-07-14,2400,2400,2320,2320,180656,-0.033333333333333326
2020-07-15,2320,2360,2320,2345,131937,0.010775862068965525
2020-07-16,2375,2700,2360,2530,881057,0.07889125799573571
2020-07-17,2535,2630,2420,2485,386111,-0.017786561264822143
2020-07-20,2490,2595,2485,2525,299766,0.016096579476861272
2020-07-21,2570,2600,2520,2600,351164,0.02970297029702973
2020-07-22,2800,2920,2610,2610,669705,0.0038461538461538325
2020-07-23,2580,2610,2505,2510,209574,-0.03831417624521072
2020-07-24,2535,2535,2440,2450,218716,-0.0239043824701195
2020-07-27,2465,2535,2440,2500,171769,0.020408163265306145
2020-07-28,2500,2600,2480,2515,122603,0.006000000000000005
2020-07-29,2505,2530,2420,2480,186796,-0.013916500994035741
2020-07-30,2495,2550,2445,2490,132067,0.0040322580645162365
2020-07-31,2490,2490,2400,2455,164391,-0.014056224899598346
2020-08-03,2460,2460,2350,2400,376425,-0.022403258655804503
2020-08-04,2400,2470,2385,2390,170455,-0.004166666666666652
2020-08-05,2415,2435,2375,2395,124760,0.0020920502092049986
2020-08-06,2395,2420,2370,2400,140803,0.0020876826722338038
2020-08-07,2400,2480,2385,2455,295902,0.022916666666666696
2020-08-10,2485,2485,2380,2395,236281,-0.024439918533604943
2020-08-11,2380,2400,2355,2380,262481,-0.006263048016701411
2020-08-12,2390,2425,2345,2360,196209,-0.008403361344537785
2020-08-13,2390,2430,2360,2395,284369,0.014830508474576343
2020-08-14,2400,2415,2315,2360,203335,-0.014613778705636737
2020-08-18,2360,2400,2250,2270,572269,-0.03813559322033899
2020-08-19,2270,2330,2250,2265,116509,-0.0022026431718061845
2020-08-20,2245,2290,2160,2170,287407,-0.04194260485651213
2020-08-21,2170,2220,2170,2195,131354,0.011520737327188835
2020-08-24,2200,2230,2135,2170,200478,-0.011389521640091105
2020-08-25,2210,2365,2170,2295,386912,0.05760368663594462
2020-08-26,2290,2300,2145,2245,343442,-0.02178649237472763
2020-08-27,2250,2285,2175,2180,197538,-0.028953229398663738
2020-08-28,2185,2210,2140,2140,264746,-0.01834862385321101
2020-08-31,2150,2390,2150,2190,981348,0.02336448598130847
2020-09-01,2195,2255,2185,2245,216498,0.02511415525114158
2020-09-02,2245,2325,2240,2300,273406,0.024498886414253906
2020-09-03,2315,2330,2250,2300,234267,0.0
2020-09-04,2220,2245,2180,2225,194876,-0.03260869565217395
2020-09-07,2220,2250,2200,2230,164500,0.0022471910112360494
2020-09-08,2225,2320,2225,2265,200714,0.015695067264573925
2020-09-09,2265,2285,2240,2275,175881,0.004415011037527616
2020-09-10,2285,2310,2245,2280,230171,0.00219780219780219
